City_ID,City,Lat,Lng,Max Temp,Humidity,Cloudiness,Wind Speed,Country,Date
0,mejit,10.2753,170.8646,80.92,79,41,15.39,MH,1745380684
1,aoulef,26.9667,1.0833,71.11,17,83,10.54,DZ,1745380685
2,waitangi,-43.9535,-176.5597,50.83,80,88,8.99,NZ,1745380519
3,new norfolk,-42.7826,147.0587,64.92,47,6,1.9,AU,1745380687
4,lindi,-10.0,39.7167,72.82,98,29,3.83,TZ,1745380689
5,nueva esperanza,15.2667,-87.6,78.21,89,51,0.74,HN,1745380691
6,nam som,17.7704,102.1895,92.48,45,4,6.26,TH,1745380479
7,blackmans bay,-43.0167,147.3167,64.53,58,6,1.01,AU,1745380693
8,kailua-kona,19.6406,-155.9956,82.36,72,20,10.36,US,1745380694
9,invercargill,-46.4,168.35,53.02,62,58,4.0,NZ,1745380695
10,gebeit,21.0667,36.3167,76.41,23,0,6.53,SD,1745380696
11,dryden,49.7833,-92.7503,39.49,93,100,13.8,CA,1745380122
12,klyuchi,52.2667,79.1667,65.28,46,6,11.07,RU,1745380698
13,ushuaia,-54.8,-68.3,47.86,71,40,3.44,AR,1745380507
14,uruzgan,32.8333,66.0,65.79,14,16,1.19,AF,1745380700
15,grytviken,-54.2811,-36.5092,30.27,82,73,4.12,GS,1745380702
16,nar'yan-mar,67.6713,53.087,20.55,87,44,14.47,RU,1745380703
17,edinburgh of the seven seas,-37.0676,-12.3116,65.77,93,100,35.1,SH,1745380704
18,jamestown,42.097,-79.2353,43.02,74,33,1.99,US,1745380493
19,westport,41.1415,-73.3579,60.57,60,0,0.0,US,1745380706
20,christchurch,-43.5333,172.6333,51.94,67,100,6.91,NZ,1745380707
21,port-aux-francais,-49.35,70.2167,44.92,86,100,32.06,TF,1745380708
22,utrik,11.2278,169.8474,81.12,75,61,14.65,MH,1745380709
23,bethel,41.3712,-73.414,64.49,36,0,3.44,US,1745380710
24,papatowai,-46.5619,169.4708,49.93,58,87,6.35,NZ,1745380712
25,hermanus,-34.4187,19.2345,60.8,86,6,9.1,ZA,1745380714
26,obama,35.4958,135.746,61.74,99,100,5.5,JP,1745380715
27,port isabel,26.0734,-97.2086,77.02,89,75,11.5,US,1745380716
28,lebu,-37.6167,-73.65,58.66,98,100,6.44,CL,1745380717
29,talnakh,69.4865,88.3972,19.26,89,100,0.78,RU,1745380718
30,nantucket,41.2835,-70.0995,47.14,100,0,5.75,US,1745380664
31,san patricio,28.017,-97.5169,75.15,89,38,11.99,US,1745380720
32,ilhabela,-23.7781,-45.3581,70.0,84,86,2.21,BR,1745380582
33,bikenibeu village,1.3673,173.1241,84.16,84,75,3.44,KI,1745380722
34,ilulissat,69.2167,-51.1,23.02,93,100,3.44,GL,1745380723
35,adamstown,-25.066,-130.1015,75.76,83,88,9.1,PN,1745380724
36,portland,45.5234,-122.6762,57.79,48,0,5.66,US,1745380160
37,avarua,-21.2078,-159.775,82.45,83,75,17.27,CK,1745380727
38,udachny,66.4167,112.4,22.35,84,100,15.35,RU,1745380728
39,qarqin,37.4185,66.0436,74.07,21,1,7.85,AF,1745380729
40,port mathurin,-19.6833,63.4167,80.98,74,18,14.27,MU,1745380730
41,keflavik,64.0049,-22.5624,39.63,87,100,4.61,IS,1745380731
42,iqaluit,63.7506,-68.5145,31.73,80,75,6.91,CA,1745380732
43,puerto natales,-51.7236,-72.4875,38.1,87,44,3.67,CL,1745380733
44,tiksi,71.6872,128.8694,29.03,85,53,2.21,RU,1745380734
45,lihue,21.9789,-159.3672,74.79,78,75,5.75,US,1745380735
46,lincoln,40.8,-96.667,61.56,55,0,6.91,US,1745380267
47,afaahiti,-17.75,-149.2833,77.92,84,82,22.08,PF,1745380740
48,copiapo,-27.3667,-70.3333,56.53,88,0,2.75,CL,1745380476
49,port elizabeth,-33.918,25.5701,61.09,99,75,6.91,ZA,1745380742
50,colchani,-20.3,-66.9333,41.83,78,97,9.04,BO,1745380743
51,tazovsky,67.4667,78.7,10.85,90,100,17.4,RU,1745380744
52,cabo san lucas,22.8909,-109.9124,65.64,73,43,14.47,MX,1745380745
53,arraial do cabo,-22.9661,-42.0278,73.04,76,100,1.25,BR,1745380746
54,badger,64.8,-147.5333,48.45,43,100,5.75,US,1745380747
55,petropavlovsk-kamchatsky,53.0452,158.6483,37.99,81,75,13.42,RU,1745380748
56,happy valley-goose bay,53.3168,-60.3315,32.31,86,40,5.75,CA,1745380750
57,mogocha,53.7333,119.7667,35.47,70,100,16.44,RU,1745380527
58,acarau,-2.8856,-40.12,76.41,90,100,4.79,BR,1745380752
59,puerto aysen,-45.4,-72.7,52.02,99,100,5.23,CL,1745380753
60,hotan,37.0997,79.9269,63.0,35,42,2.64,CN,1745380754
61,albany,42.6001,-73.9662,49.8,67,100,7.09,US,1745380556
62,emerald,-23.5333,148.1667,77.32,30,0,6.89,AU,1745380756
63,selfoss,63.9331,-20.9971,37.04,71,30,5.93,IS,1745380757
64,bredasdorp,-34.5322,20.0403,57.85,87,47,6.44,ZA,1745380758
65,colorado,-22.8375,-51.9731,67.15,72,99,6.06,BR,1745380759
66,karratha,-20.7377,116.8463,92.23,44,5,11.23,AU,1745380760
67,tongchuan,35.0806,109.0897,75.31,9,86,2.64,CN,1745380761
68,minas de marcona,-15.2119,-75.1103,59.43,83,82,7.81,PE,1745380763
69,mahina,-17.5065,-149.489,80.37,78,75,9.22,PF,1745380764
70,oranjemund,-28.55,16.4333,56.25,91,0,1.99,NA,1745380765
71,fortuna,40.5982,-124.1573,49.35,81,79,5.66,US,1745380166
72,nova vicosa,-17.8919,-39.3719,76.64,74,89,8.37,BR,1745380767
73,muncheberg,52.5,14.1333,44.62,93,95,1.57,DE,1745380768
74,kerikeri,-35.2268,173.9474,69.91,78,88,1.97,NZ,1745380769
75,petropavlovka,50.6114,105.3196,39.02,22,4,10.49,RU,1745380770
76,punta arenas,-53.15,-70.9167,39.31,87,0,12.66,CL,1745380771
77,rongelap,11.1635,166.8941,81.54,73,77,14.81,MH,1745380772
78,pathein,16.7833,94.7333,95.31,42,97,9.42,MM,1745380773
79,quba,41.3626,48.5152,59.25,67,87,3.69,AZ,1745380774
80,west island,-12.1568,96.8225,84.18,89,20,13.8,CC,1745380775
81,yellowknife,62.456,-114.3525,30.72,61,40,6.91,CA,1745380503
82,tura,25.5198,90.2201,79.7,87,98,9.1,IN,1745380778
83,santa vitoria do palmar,-33.5189,-53.3681,59.29,80,95,6.15,BR,1745380779
84,okha,53.5739,142.9478,36.32,76,100,8.48,RU,1745380781
85,longyearbyen,78.2186,15.6401,15.64,62,75,17.27,SJ,1745380782
86,alice springs,-23.7,133.8833,71.15,33,0,12.66,AU,1745380783
87,maputo,-25.9653,32.5892,69.48,85,75,11.99,MZ,1745380784
88,nemuro,43.3236,145.575,37.78,99,100,6.02,JP,1745380785
89,mugia,43.1041,-9.2179,52.92,89,35,5.3,ES,1745380786
90,codrington,-38.2667,141.9667,71.06,55,75,10.65,AU,1745380787
91,hamilton,39.1834,-84.5333,59.43,70,0,0.0,US,1745380600
92,san antonio de pale,-1.4014,5.6325,82.27,79,94,10.27,GQ,1745380790
93,acapulco de juarez,16.8634,-99.8901,74.53,69,38,1.39,MX,1745380686
94,ust-nera,64.5667,143.2,35.82,80,95,4.92,RU,1745380792
95,sitka,57.0531,-135.33,41.9,95,100,3.65,US,1745380793
96,tralee,52.2704,-9.7026,49.21,97,91,7.29,IE,1745380794
97,great falls,47.5002,-111.3008,41.45,51,0,9.22,US,1745380795
98,casteljaloux,44.3176,0.0861,46.11,99,53,3.0,FR,1745380796
99,balcarce,-37.8462,-58.2552,57.81,95,98,3.0,AR,1745380797
100,haiku-pauwela,20.9219,-156.3051,78.82,74,75,9.22,US,1745380798
101,qaqortoq,60.7167,-46.0333,34.59,68,100,8.01,GL,1745380801
102,mulchen,-37.7167,-72.2333,57.92,98,100,3.85,CL,1745380802
103,stanley,54.868,-1.6985,37.51,94,34,3.44,GB,1745380804
104,korla,41.7597,86.1469,68.38,16,52,2.48,CN,1745380806
105,nhamunda,-2.1861,-56.7131,74.68,98,98,2.75,BR,1745380807
106,errachidia,31.9275,-4.4285,66.25,26,0,10.36,MA,1745380808
107,hawaiian paradise park,19.5933,-154.9731,76.01,75,76,3.0,US,1745380809
108,koungou,-12.7336,45.2042,80.31,89,20,6.91,YT,1745380810
109,victorica,-36.2151,-65.4359,59.56,79,64,4.0,AR,1745380742
110,geraldton,-28.7667,114.6,79.21,73,100,12.66,AU,1745380813
111,nyurba,63.2842,118.3319,30.07,84,100,7.11,RU,1745380814
112,weno,7.4515,151.8468,87.75,74,75,8.05,FM,1745380816
113,college,64.8569,-147.8028,48.18,43,100,5.75,US,1745380817
114,tevriz,57.509,72.4042,37.02,49,75,12.82,RU,1745380819
115,xining,36.6167,101.7667,55.74,23,100,9.91,CN,1745380820
116,comodoro rivadavia,-45.8667,-67.5,54.91,66,6,8.84,AR,1745380706
117,gowurdak,37.8124,66.0466,71.11,24,1,1.63,TM,1745380822
118,ghat,24.9647,10.1728,70.48,15,100,5.12,LY,1745380823
119,vorkuta,67.5,64.0,17.83,92,97,11.7,RU,1745380824
120,lasem,-6.6922,111.4527,85.8,69,52,2.89,ID,1745380825
121,villa regina,-39.1,-67.0667,61.9,57,4,15.5,AR,1745380742
122,kotka,60.4664,26.9458,41.32,93,100,6.38,FI,1745380827
123,pisco,-13.7,-76.2167,69.85,78,0,2.3,PE,1745380829
124,ribeira grande,38.5167,-28.7,63.77,94,27,20.0,PT,1745380830
125,pyin oo lwin,22.0333,96.4667,80.42,54,2,8.75,MM,1745380831
126,tete,-16.1564,33.5867,69.89,100,20,0.0,MZ,1745380832
127,anadyr,64.75,177.4833,21.7,79,40,11.18,RU,1745380835
128,lodja,-3.4833,23.4333,70.95,98,100,2.37,CD,1745380836
129,isafjordur,66.0755,-23.124,29.44,75,72,4.21,IS,1745380837
130,puerto ayora,-0.7393,-90.3518,76.55,99,87,6.13,EC,1745380634
131,padangsidempuan,1.3667,99.2667,84.9,60,63,4.72,ID,1745380839
132,amasra,41.7463,32.3863,51.42,93,7,3.74,TR,1745380840
133,hasaki,35.7333,140.8333,62.71,93,100,23.26,JP,1745380841
134,vorgashor,67.5833,63.95,16.86,93,97,11.34,RU,1745380842
135,thompson,55.7435,-97.8558,28.56,59,20,4.61,CA,1745380553
136,xinyuan,37.3,99.0,44.55,29,98,5.61,CN,1745380844
137,lazaro cardenas,17.9583,-102.2,75.72,75,9,2.8,MX,1745380845
138,sao jose da coroa grande,-8.8978,-35.1478,77.94,78,32,5.75,BR,1745380847
139,bac lieu,9.285,105.7244,87.4,61,96,10.94,VN,1745380848
140,san fernando,15.0286,120.6898,92.93,47,45,3.29,PH,1745380849
141,bechar,31.6167,-2.2167,62.42,26,0,2.55,DZ,1745380850
142,kapuskasing,49.4169,-82.4331,32.09,100,0,5.75,CA,1745380688
143,port hedland,-20.3167,118.5667,93.25,49,8,8.05,AU,1745380762
144,aripuana,-9.1667,-60.6333,76.1,84,100,0.78,BR,1745380853
145,bhimavaram,16.5333,81.5333,93.58,46,4,10.69,IN,1745380854
146,sabang,5.8933,95.3214,83.12,75,100,11.03,ID,1745380855
147,nova sintra,14.8667,-24.7167,70.75,85,0,25.41,CV,1745380856
148,kununurra,-15.7667,128.7333,85.98,28,97,10.36,AU,1745380756
149,terrace,54.5163,-128.6035,46.31,81,100,13.8,CA,1745380859
150,greeneville,36.1632,-82.831,59.14,97,0,1.99,US,1745380804
151,fort st. john,56.2499,-120.8529,48.09,40,75,13.8,CA,1745380861
152,remire-montjoly,4.9167,-52.2667,77.04,100,75,1.14,GF,1745380862
153,vadso,70.0744,29.7487,30.36,86,75,8.05,NO,1745380863
154,tolanaro,-25.0319,46.9987,74.28,92,80,2.37,MG,1745380864
155,sinop,41.7711,34.8709,46.27,88,98,1.34,TR,1745380865
156,wlodawa,51.55,23.55,48.0,92,98,4.61,PL,1745380866
157,arenapolis,-14.4503,-56.8461,72.3,96,100,1.5,BR,1745380588
158,whitehorse,60.7161,-135.0538,45.37,33,75,10.36,CA,1745380869
159,sambava,-14.2667,50.1667,78.39,88,8,6.93,MG,1745380870
160,chonchi,-42.6128,-73.8092,54.12,97,68,2.08,CL,1745380871
161,tromso,69.6496,18.957,28.42,93,75,2.3,NO,1745380872
162,la ronge,55.1001,-105.2842,41.22,41,75,10.36,CA,1745380873
163,benguela,-12.5763,13.4055,75.81,89,43,2.01,AO,1745380874
164,kodiak,57.79,-152.4072,38.71,81,100,8.05,US,1745380875
165,ain sefra,32.75,-0.5833,55.26,57,10,6.42,DZ,1745380877
166,la passe,45.5549,-0.8967,50.68,89,99,17.47,FR,1745380878
167,rioja,-29.4111,-66.8507,66.29,63,35,5.12,AR,1745380626
168,olonkinbyen,70.9221,-8.7187,20.37,73,100,2.64,SJ,1745380880
169,yaritagua,10.08,-69.1261,71.98,94,87,3.44,VE,1745380882
170,crane,31.3974,-102.3501,69.13,64,32,13.62,US,1745380883
171,cidreira,-30.1811,-50.2056,65.16,86,59,11.14,BR,1745380884
172,brookings,44.3114,-96.7984,58.17,46,100,0.0,US,1745380885
173,paso de los libres,-29.7131,-57.0899,62.64,72,0,6.91,AR,1745380887
174,medina de rioseco,41.8833,-5.0441,43.93,85,78,5.46,ES,1745380888
175,road town,18.4167,-64.6167,75.18,59,44,7.92,VG,1745380889
176,suizhou,31.7111,113.3631,79.93,36,100,6.44,CN,1745380890
177,visby,57.6409,18.296,45.82,100,100,3.44,SE,1745380891
178,hithadhoo,-0.6,73.0833,84.13,71,17,10.25,MV,1745380892
179,alderetes,-26.8167,-65.1333,58.91,94,20,5.75,AR,1745380893
180,wickenburg,33.9686,-112.7296,74.98,15,4,5.61,US,1745380879
181,conceicao da barra,-18.5933,-39.7322,71.17,88,95,4.12,BR,1745380818
182,chibougamau,49.9168,-74.3659,31.62,100,100,6.91,CA,1745380896
183,taltal,-25.4,-70.4833,61.18,87,63,2.82,CL,1745380886
184,sanchursk,56.9413,47.2499,42.37,80,47,12.41,RU,1745380899
185,labrador city,52.9463,-66.9114,33.71,93,100,9.22,CA,1745380900
186,mount gambier,-37.8333,140.7667,71.19,49,62,3.85,AU,1745380901
187,barcelos,41.5388,-8.6151,47.26,94,37,3.06,PT,1745380902
188,rondonopolis,-16.4708,-54.6356,74.23,87,99,1.5,BR,1745380884
189,colatina,-19.5394,-40.6306,68.59,92,93,1.25,BR,1745380817
190,antalaha,-14.9003,50.2788,76.39,89,9,4.72,MG,1745380905
191,wenchang,30.904,118.4887,76.84,44,12,5.68,CN,1745380906
192,sorel-tracy,46.0334,-73.1159,48.09,72,99,12.82,CA,1745380779
193,barkhan,29.8977,69.5256,78.08,9,0,11.39,PK,1745380908
194,petawawa,45.9001,-77.3328,40.78,77,57,3.0,CA,1745380909
195,viedma,-40.8135,-62.9967,56.05,88,61,10.31,AR,1745380839
196,betio village,1.358,172.9211,84.24,78,36,12.21,KI,1745380913
197,likasi,-10.9814,26.7333,60.13,99,99,3.89,CD,1745380914
198,qui nhon,13.7667,109.2333,86.88,58,100,10.36,VN,1745380915
199,prince rupert,54.3161,-130.3201,46.09,93,100,18.41,CA,1745380917
200,ust'-ilimsk,58.0006,102.6619,33.37,66,100,6.87,RU,1745380918
201,manicore,-5.8092,-61.3003,78.4,81,100,1.57,BR,1745380919
202,tual,-5.6667,132.75,83.48,79,96,15.43,ID,1745380920
203,beira,-19.8436,34.8389,69.89,88,20,4.61,MZ,1745380921
204,bilibino,68.0546,166.4372,21.16,75,6,5.46,RU,1745380922
205,east london,-33.0153,27.9116,61.74,94,100,3.44,ZA,1745380822
206,swellendam,-34.0226,20.4417,55.87,90,44,3.24,ZA,1745380924
207,st. john's,47.5649,-52.7093,34.16,91,20,13.8,CA,1745380634
208,aguie,13.506,7.7786,77.25,7,7,8.66,NE,1745380926
209,puerto piray,-26.4678,-54.7148,65.79,70,100,0.49,AR,1745380927
210,margaret river,-33.95,115.0667,69.82,63,90,21.77,AU,1745380928
211,zhangatas,43.5667,69.75,63.46,41,99,8.68,KZ,1745380930
212,asau,46.4333,26.4,52.48,74,0,2.59,RO,1745380931
213,kuusamo,65.9667,29.1833,33.84,80,100,4.61,FI,1745380932
214,carbonear,47.7332,-53.2148,34.23,88,82,11.23,CA,1745380933
215,tsiombe,-25.3,45.4833,72.59,91,100,8.12,MG,1745380934
216,kenora,49.8167,-94.4337,38.37,100,100,13.8,CA,1745380859
217,porto seguro,-16.4497,-39.0647,79.32,73,75,3.44,BR,1745380859
218,adam,22.3756,57.5233,82.92,33,0,1.7,OM,1745380937
219,santa ana,33.7456,-117.8678,59.13,79,20,5.75,US,1745380938
220,harrisburg,40.2737,-76.8844,58.41,63,0,6.91,US,1745380710
221,auraiya,26.4667,79.5167,99.48,4,0,8.7,IN,1745380940
222,kadnikov,59.5022,40.338,36.18,79,92,9.04,RU,1745380942
223,berezovo,63.9381,65.0419,25.05,74,61,14.34,RU,1745380943
224,dudinka,69.4058,86.1778,11.46,93,100,7.99,RU,1745380945
225,strathmore,51.0501,-113.3852,38.1,65,64,6.91,CA,1745380800
226,novyy urgal,51.0736,132.5642,48.43,30,73,6.69,RU,1745380947
227,laojunmiao,39.8333,97.7333,51.15,17,100,6.42,CN,1745380948
228,enewetak,11.3474,162.3373,81.66,77,8,15.59,MH,1745380949
229,narayanavanam,13.4167,79.5833,89.38,44,99,7.27,IN,1745380950
230,saint-philippe,-21.3585,55.7679,79.23,77,62,8.05,RE,1745380951
231,tarko-sale,64.9225,77.785,22.23,94,100,29.73,RU,1745380952
232,biltine,14.5333,20.9167,80.56,8,0,8.95,TD,1745380953
233,tocopilla,-22.092,-70.1979,69.53,81,65,4.05,CL,1745380885
234,belmonte,-15.8631,-38.8828,76.23,83,98,9.19,BR,1745380921
235,serowe,-22.3833,26.7167,67.28,58,100,4.97,BW,1745380957
236,fort bragg,35.139,-79.006,69.64,83,75,1.01,US,1745380958
237,kandira,41.0736,30.1746,47.8,90,100,5.35,TR,1745380959
238,susanville,40.4163,-120.653,57.04,28,0,6.91,US,1745380549
239,constantia,44.1833,28.65,41.68,93,0,3.04,RO,1745380961
240,sinabang,2.4803,96.3801,83.39,75,64,0.51,ID,1745380962
241,kidal,18.4411,1.4078,82.09,16,4,10.94,ML,1745380963
242,glace bay,46.1969,-59.957,37.17,94,100,7.0,CA,1745380964
243,lamphun,18.25,98.9167,93.07,30,5,6.96,TH,1745380965
244,inarajan village,13.2736,144.7484,90.39,81,18,11.56,GU,1745380966
245,aasiaat,68.7098,-52.8699,10.36,100,79,1.63,GL,1745380967
246,labytnangi,66.6572,66.4183,19.35,84,41,5.75,RU,1745380970
247,sao gabriel da cachoeira,-0.1303,-67.0892,77.67,80,90,1.21,BR,1745380971
248,sandnessjoen,66.0217,12.6316,35.71,60,20,10.36,NO,1745380972
249,carutapera,-1.195,-46.02,75.72,95,58,4.7,BR,1745380973
250,darab,28.7519,54.5444,72.81,30,10,0.72,IR,1745380974
251,dongsheng,39.8161,109.9776,51.64,17,38,23.58,CN,1745380975
252,dolores,-36.3132,-57.6792,60.78,70,100,7.63,AR,1745380805
253,kutum,14.2,24.6667,74.5,17,3,8.86,SD,1745380977
254,gadzhiyevo,69.2551,33.3362,30.04,96,100,7.43,RU,1745380978
255,khandyga,62.6667,135.6,40.93,60,19,3.18,RU,1745380979
256,santa isabel,-23.3156,-46.2214,63.7,85,98,2.39,BR,1745380981
257,coquimbo,-29.9533,-71.3436,56.93,88,0,3.44,CL,1745380982
258,georgetown,5.4112,100.3354,89.53,70,20,5.75,MY,1745380983
259,ambodifotatra,-16.9833,49.85,75.25,94,75,0.0,MG,1745380984
260,namtsy,62.7161,129.6658,34.83,94,100,3.11,RU,1745380985
261,civita castellana,42.2952,12.4092,58.87,90,100,1.72,IT,1745380986
262,wailua homesteads,22.0669,-159.378,73.13,88,68,9.17,US,1745380987
263,sassandra,4.95,-6.0833,78.03,93,26,4.36,CI,1745380988
264,holualoa,19.6228,-155.9522,78.55,72,81,4.0,US,1745380989
265,spanish wells,26.323,-81.7957,75.96,69,75,6.91,US,1745380990
266,dera bugti,29.0307,69.151,89.37,7,0,5.61,PK,1745380992
267,hammerfest,70.6634,23.6821,28.85,86,40,10.36,NO,1745380993
268,conde-sur-noireau,48.8488,-0.5521,48.22,96,100,14.25,FR,1745380994
269,yarmouth,41.7057,-70.2286,53.96,95,0,8.01,US,1745380995
270,vegreville,53.5001,-112.0518,41.05,52,69,6.91,CA,1745380807
271,yarega,63.4354,53.5765,23.38,86,42,1.74,RU,1745380997
272,lerwick,60.1545,-1.1494,46.67,91,100,11.7,GB,1745380998
273,suva,-18.1416,178.4415,85.48,70,75,9.22,FJ,1745380999
274,island harbour,50.724,-1.2758,51.03,94,100,4.0,GB,1745381000
275,illizi,26.4833,8.4667,67.26,19,74,6.35,DZ,1745381001
276,sao joao da barra,-21.6403,-41.0511,71.15,85,100,8.01,BR,1745381002
277,khorinsk,52.1657,109.7726,40.03,31,73,18.95,RU,1745381003
278,okhotsk,59.3833,143.3,36.16,86,68,6.6,RU,1745381005
279,cadale,2.7603,46.3222,85.06,72,93,14.9,SO,1745381006
280,vila velha,-20.3297,-40.2925,69.75,100,75,4.61,BR,1745380789
281,freetown,8.484,-13.2299,78.94,86,9,6.08,SL,1745380922
282,ilabaya,-17.4208,-70.5133,62.38,73,0,3.33,PE,1745381010
283,ulan bator,47.9077,106.8832,30.33,31,20,15.66,MN,1745381011
284,trail,49.0998,-117.7022,42.67,57,82,3.38,CA,1745381012
285,mitu,1.1983,-70.1733,74.71,91,100,0.69,CO,1745381013
286,dalianwan,39.0286,121.695,73.44,20,0,15.66,CN,1745381014
287,irbit,57.6705,63.071,35.85,52,15,8.41,RU,1745381016
288,kudahuvadhoo,2.6708,72.8944,83.66,71,68,8.43,MV,1745381017
289,bafq,31.6128,55.4107,77.41,14,0,3.96,IR,1745381018
290,apolinario saravia,-24.4328,-63.9954,67.89,74,100,7.58,AR,1745381020
291,hlobyne,49.3878,33.2596,59.22,61,2,4.25,UA,1745381021
292,antsiranana,-12.2787,49.2917,77.76,88,20,6.91,MG,1745381022
293,kappeln,54.6612,9.9313,41.88,95,84,3.04,DE,1745381023
294,puerto baquerizo moreno,-0.9,-89.6,76.78,88,100,5.3,EC,1745380933
295,namsos,64.4662,11.4957,31.91,86,53,0.0,NO,1745381025
296,las matas de farfan,18.8731,-71.5166,68.2,94,50,4.45,DO,1745381026
297,newman,37.3138,-121.0208,61.05,70,93,7.09,US,1745380744
298,sirari,-1.2333,34.4333,59.92,90,68,8.68,TZ,1745381029
299,constitucion,-35.3333,-72.4167,60.75,95,98,5.55,CL,1745381030
300,ambon,-3.6954,128.1814,89.87,89,40,3.44,ID,1745381031
301,chinchilla,-26.75,150.6333,81.01,39,0,1.01,AU,1745381032
302,antsohihy,-14.8796,47.9875,75.87,93,8,1.88,MG,1745381033
303,yigo village,13.5361,144.8886,88.74,68,40,12.66,GU,1745381034
304,malabar,-33.9667,151.25,76.86,67,40,19.57,AU,1745381035
305,ohara,35.25,140.3833,63.95,96,100,24.29,JP,1745381036
306,barda,40.3744,47.1267,63.68,72,92,9.08,AZ,1745381037
307,lata,40.1629,-8.3327,43.18,94,2,3.76,PT,1745381038
308,la libertad,-2.2333,-80.9,73.27,86,15,5.12,EC,1745381041
309,simdega,22.6167,84.5167,101.43,5,0,5.86,IN,1745381042
310,sisimiut,66.9395,-53.6735,24.24,81,7,4.88,GL,1745381043
311,magadan,59.5667,150.8,39.42,65,100,4.65,RU,1745381044
312,ciudad guadalupe victoria,24.4497,-104.1225,61.65,12,15,8.34,MX,1745381045
313,kone,-21.0595,164.8658,72.9,97,100,2.93,NC,1745381046
314,solleftea,63.1667,17.2667,31.86,87,79,3.71,SE,1745381047
315,bryan,30.6744,-96.37,75.09,83,40,5.75,US,1745380882
316,bengkulu,-3.8004,102.2655,77.13,90,100,6.02,ID,1745381050
317,ola,59.5833,151.2833,38.62,82,100,4.43,RU,1745381051
318,magumeri,12.1131,12.8274,77.05,12,55,3.11,NG,1745381052
319,fort leonard wood,37.7057,-92.1572,62.78,55,0,10.36,US,1745381053
320,carlsbad,33.1581,-117.3506,58.21,79,100,5.75,US,1745381054
321,cockburn town,21.4612,-71.1419,76.71,73,4,19.15,TC,1745381055
322,al mindak,20.1588,41.2834,66.76,39,0,2.04,SA,1745381056
323,uliastay,47.7417,96.8444,42.98,22,11,4.09,MN,1745381057
324,berezovyy,51.6667,135.7,45.45,59,100,4.41,RU,1745381058
325,ciudad bolivar,8.1222,-63.5497,82.87,66,100,12.35,VE,1745380990
326,carnarvon,-24.8667,113.6333,80.62,68,22,10.27,AU,1745381060
327,gondar,12.6,37.4667,63.97,46,4,8.9,ET,1745381061
328,zaragoza,41.6561,-0.8773,50.45,64,0,6.91,ES,1745381063
329,howard springs,-12.497,131.047,85.98,58,89,10.51,AU,1745381065
330,oum hadjer,13.2954,19.6966,81.14,12,5,9.84,TD,1745380807
331,jerome,42.7241,-114.5186,50.83,43,0,8.05,US,1745381067
332,yaren,-0.5472,166.916,82.44,79,40,12.82,NR,1745380835
333,harper,4.375,-7.7169,79.45,87,5,4.45,LR,1745381069
334,puerto santa,-8.9906,-78.6456,66.87,89,28,6.69,PE,1745380862
335,bad wildbad,48.75,8.55,45.81,88,100,4.76,DE,1745381071
336,juan griego,11.0817,-63.9655,77.25,88,87,5.17,VE,1745381072
337,pont-sainte-marie,48.3185,4.0945,46.45,100,0,4.61,FR,1745380896
338,usogorsk,63.4106,48.6872,25.27,76,100,4.97,RU,1745381075
339,bereeda,11.8704,51.0579,82.67,55,5,8.75,SO,1745381076
340,buka,40.8108,69.1986,69.12,39,22,5.32,UZ,1745380803
341,saint-joseph,-21.3667,55.6167,77.38,75,60,6.31,RE,1745381078
342,port alfred,-33.5906,26.891,60.19,97,100,14.63,ZA,1745381079
343,bishkul,54.7803,69.1033,57.54,58,0,17.9,KZ,1745381080
344,fukagawa,43.7081,142.0392,53.29,64,99,5.06,JP,1745381081
345,tukrah,32.5341,20.5791,62.4,95,100,6.17,LY,1745381082
346,atafu village,-8.5421,-172.5159,84.29,71,50,7.11,TK,1745381083
347,bathsheba,13.2167,-59.5167,79.41,83,20,6.91,BB,1745381084
348,nenjiang,49.1833,125.2167,46.22,71,100,15.48,CN,1745381086
349,vilyuchinsk,52.9306,158.4028,39.47,97,100,6.85,RU,1745381087
350,tindouf,27.6711,-8.1474,68.45,14,0,4.61,DZ,1745381088
351,mount isa,-20.7333,139.5,76.77,36,0,10.36,AU,1745381089
352,chumphon,10.3333,98.8333,91.26,49,41,2.35,TH,1745381091
353,erenhot,43.6475,111.9767,42.78,18,1,24.67,CN,1745381092
354,reedsburg,43.5325,-90.0026,52.95,86,0,0.0,US,1745381093
355,ciudad miguel aleman,26.35,-99.1,74.82,85,22,13.71,MX,1745381094
356,port lincoln,-34.7333,135.8667,66.34,63,4,8.59,AU,1745381096
357,egilsstadir,65.2653,-14.3948,33.71,69,100,9.22,IS,1745381097
358,santana do acarau,-3.4606,-40.2122,73.31,98,100,1.19,BR,1745381098
359,san carlos de bariloche,-41.1456,-71.3082,53.35,71,40,11.5,AR,1745380815
360,ambalangoda,6.2355,80.0538,84.6,73,63,10.27,LK,1745381100
361,antonio enes,-16.2325,39.9086,75.88,79,49,4.45,MZ,1745381102
362,degema hulk,4.7625,6.752,76.93,89,100,4.56,NG,1745381103
363,mahibadhoo,3.7833,72.9667,83.34,72,35,8.05,MV,1745381105
364,i-n-salah,27.1935,2.4607,69.24,20,82,11.1,DZ,1745381106
365,itoman,26.1247,127.6694,75.22,100,75,13.8,JP,1745381107
366,timbuktu,16.7735,-3.0074,85.15,9,5,12.33,ML,1745381108
367,chichimila,20.6167,-88.2167,75.27,77,1,5.03,MX,1745381110
368,kajaani,64.2273,27.7285,37.45,44,0,5.75,FI,1745381111
369,wynyard,-41.0,145.7167,62.01,73,64,5.84,AU,1745381112
370,alofi,-19.0595,-169.9187,80.49,78,20,9.22,NU,1745381113
371,clarence town,-32.5833,151.7833,75.11,71,6,9.22,AU,1745381115
372,touros,-5.1989,-35.4608,77.7,87,98,8.14,BR,1745381116
373,ibresi,55.2961,47.0394,49.82,84,83,7.45,RU,1745381117
374,vila franca do campo,37.7167,-25.4333,64.89,70,50,6.06,PT,1745381118
375,santiago de cao,-7.9589,-79.2392,60.93,94,18,8.05,PE,1745381119
376,amga,60.8953,131.9608,36.95,85,100,4.65,RU,1745381120
377,tarnogskiy gorodok,60.4997,43.5761,34.99,68,100,9.26,RU,1745381121
378,lompoc,34.6391,-120.4579,54.32,84,100,5.75,US,1745380991
379,north bend,43.4065,-124.2243,49.91,87,75,19.57,US,1745381123
380,fortaleza,-3.7227,-38.5247,80.73,83,75,3.44,BR,1745381108
381,dongkan,33.9997,119.8308,75.85,38,27,6.98,CN,1745381126
382,dolinsk,47.35,142.8,41.58,84,99,3.27,RU,1745381127
383,teknaf,20.8624,92.3058,87.24,62,58,7.67,BD,1745381128
384,necochea,-38.5473,-58.7368,61.38,78,100,9.28,AR,1745381129
385,shanghai,31.2222,121.4581,76.86,41,0,8.95,CN,1745381077
386,porto novo,6.4965,2.6036,75.02,84,100,4.38,BJ,1745381131
387,thomson,33.4707,-82.5046,64.65,94,40,0.0,US,1745381133
388,baoro,5.6667,15.9667,68.05,96,88,3.02,CF,1745381134
389,cao bang,22.6667,106.25,96.35,40,50,3.31,VN,1745381136
390,oral,51.2333,51.3667,55.38,94,75,8.95,KZ,1745381137
391,galesong,-5.3166,119.3661,83.75,71,99,4.16,ID,1745381138
392,nanao,37.05,136.9667,63.3,98,100,4.94,JP,1745381139
393,eraan,9.0629,117.7016,84.61,73,100,4.94,PH,1745381140
394,santo domingo,18.5001,-69.9886,73.92,83,40,11.5,DO,1745381105
395,qashar,53.3906,62.9297,63.68,50,13,11.41,KZ,1745381142
396,qulsary,46.9531,54.0198,69.67,30,93,15.66,KZ,1745381143
397,saint-jean-de-monts,46.7833,-2.0667,53.82,94,100,23.87,FR,1745381144
398,zabaykal'sk,49.6333,117.3167,34.36,90,100,22.28,RU,1745381145
399,visp,46.2937,7.8815,48.78,82,100,1.66,CH,1745381146
400,rawson,-43.3002,-65.1023,52.09,100,0,6.91,AR,1745381147
401,amravati,20.9333,77.75,100.58,9,1,8.23,IN,1745381149
402,sheridan,44.8333,-106.9173,43.7,59,100,3.44,US,1745381150
403,callao,-12.0667,-77.15,70.72,88,75,12.66,PE,1745381151
404,nueva palestina,15.8,-92.75,75.02,85,88,1.72,MX,1745381152
405,frydlant nad ostravici,49.5928,18.3597,53.47,87,88,8.99,CZ,1745381153
406,kirensk,57.7853,108.1119,38.62,55,83,8.1,RU,1745381155
407,kenton,38.9501,-84.5333,58.62,73,0,0.0,US,1745381156
408,whakatane,-37.9585,176.9854,60.96,64,9,14.38,NZ,1745381157
409,susuman,62.7833,148.1667,33.69,85,93,3.33,RU,1745381158
410,ghormach,35.7306,63.7826,70.88,21,4,5.95,AF,1745381159
411,bhadrachalam,17.6667,80.8833,96.12,34,10,4.81,IN,1745381161
412,nadi,-17.8,177.4167,86.0,66,20,12.66,FJ,1745381162
413,guiuan,11.0333,125.7247,83.5,75,100,8.32,PH,1745381163
414,mount pearl,47.5166,-52.7813,33.33,91,20,13.8,CA,1745381063
415,ancud,-41.8697,-73.8203,53.55,95,79,5.08,CL,1745381165
416,vila do maio,15.1333,-23.2167,70.66,83,14,17.98,CV,1745381166
417,tazacorte,28.629,-17.9293,65.37,80,100,16.11,ES,1745381167
418,kurtamysh,54.9103,64.4319,46.8,76,91,14.65,RU,1745381168
419,ondjiva,-17.0667,15.7333,62.55,61,38,4.18,AO,1745381169
420,mindif,10.3976,14.4363,89.24,20,84,3.31,CM,1745381170
421,natal,-5.795,-35.2094,79.02,89,20,4.61,BR,1745381044
422,rabo de peixe,37.8,-25.5833,63.99,70,75,10.36,PT,1745381173
423,arkhangel'sk,64.5401,40.5433,33.91,51,20,11.18,RU,1745381174
424,huatabampo,26.8333,-109.6333,70.83,33,70,3.78,MX,1745381175
425,bardai,11.65,7.2333,76.3,67,24,8.3,NG,1745381176
426,placetas,22.3119,-79.6533,69.33,85,0,6.2,CU,1745381177
427,alo,6.5486,4.2686,80.58,85,100,4.27,NG,1745381178
428,shache,38.4167,77.2406,64.45,31,87,1.12,CN,1745381179
429,colonia,50.9333,6.95,52.12,92,20,3.44,DE,1745381180
430,kayangel,8.0823,134.7173,83.37,75,44,9.89,PW,1745381182
431,yuzhno-kurilsk,44.0306,145.8556,39.56,94,100,4.25,RU,1745381183
432,pizhou,34.3114,117.9503,78.51,29,27,8.68,CN,1745381184
433,rundu,-17.9333,19.7667,65.17,76,100,3.04,NA,1745381185
434,wanning,18.8003,110.3967,89.42,59,1,15.79,CN,1745381186
435,atamyrat,37.8357,65.2106,73.45,23,3,4.97,TM,1745381187
436,scarborough,54.2797,-0.4044,45.79,62,42,1.01,GB,1745381188
437,patan,27.6667,85.3333,79.18,38,20,2.3,NP,1745381190
438,saint-francois,46.4154,3.9054,49.64,89,0,3.44,FR,1745381191
439,roma,43.2128,-75.4557,43.11,83,0,5.75,US,1745381169
440,luganville,-15.5333,167.1667,82.94,83,71,4.47,VU,1745381193
441,ta`u,-14.2336,-169.5144,82.92,78,100,12.48,AS,1745381194
442,beryslav,46.8415,33.4284,55.38,76,4,4.12,UA,1745381195
443,bereznik,62.8551,42.7072,32.86,73,100,8.19,RU,1745381196
444,thinadhoo,0.5333,72.9333,83.91,69,52,8.97,MV,1745381197
445,girua,-28.0283,-54.3497,61.66,63,100,5.48,BR,1745381198
446,tangalle,6.024,80.7911,85.77,76,68,8.3,LK,1745381199
447,zaozersk,69.4005,32.4476,30.02,96,100,1.72,RU,1745381200
448,gongzhuling,43.5008,124.8198,64.31,40,0,20.51,CN,1745381202
449,margate,51.3813,1.3862,49.69,80,100,14.12,GB,1745380950
450,fale old settlement,-9.3852,-171.2468,84.18,73,18,6.2,TK,1745381204
451,iskateley,67.6803,53.1512,20.52,87,43,14.45,RU,1745381205
452,flying fish cove,-10.4217,105.6791,78.48,100,75,6.91,CX,1745381206
453,merizo village,13.2658,144.6691,88.99,81,15,11.32,GU,1745381207
454,qiqihar,47.3408,123.9672,50.92,63,100,15.59,CN,1745381209
455,tadine,-21.55,167.8833,73.76,93,100,10.71,NC,1745381210
456,chaman,30.9236,66.4512,73.06,12,0,5.46,PK,1745381211
457,puerto madero,14.7208,-92.4215,79.0,89,40,0.0,MX,1745381108
458,ngardmau,7.6099,134.5744,89.98,72,38,7.96,PW,1745381213
459,ust'-barguzin,53.45,108.9833,35.82,57,70,7.87,RU,1745381215
460,istgah-e rah ahan-e garmsar,35.2346,52.3094,75.4,16,35,1.86,IR,1745381216
461,mananara,-16.1667,49.7667,76.68,88,5,4.16,MG,1745381217
462,kaa-khem,51.6833,94.7333,42.6,35,34,3.85,RU,1745381218
463,castanos,26.7833,-101.4167,71.35,79,43,5.39,MX,1745381219
464,zouerate,22.7187,-12.4521,68.45,30,0,7.05,MR,1745381220
465,yumbe,3.4651,31.2469,65.17,96,97,4.45,UG,1745381221
466,al bawiti,28.3492,28.8659,76.55,28,17,9.8,EG,1745381222
467,taoudenni,22.6783,-3.9836,82.8,11,99,12.88,ML,1745381223
468,ribeira brava,32.65,-17.0667,64.0,80,9,3.15,PT,1745381224
469,lagunillas,10.1301,-71.2595,77.65,85,91,8.95,VE,1745381227
470,oakdale,44.963,-92.9649,56.32,51,40,1.01,US,1745380866
471,shimoda,34.6667,138.95,66.02,98,100,12.66,JP,1745381230
472,leh,34.1667,77.5833,26.08,79,100,5.44,IN,1745381231
473,kongwa,-6.2,36.4167,65.32,90,91,3.31,TZ,1745381232
474,bodo,67.28,14.405,33.84,74,40,9.22,NO,1745381233
475,zhaobaoshan,29.9695,121.6875,68.02,50,100,6.78,CN,1745381234
476,iguatemi,-23.6803,-54.5611,68.88,86,100,2.8,BR,1745381235
477,debre werk',10.6667,38.1667,57.38,56,17,1.21,ET,1745381236
478,asosa,10.0667,34.5333,70.72,52,28,3.36,ET,1745381237
479,tabou,4.423,-7.3528,79.02,88,13,4.12,CI,1745381239
480,likiep,9.8251,169.3107,81.48,76,28,15.19,MH,1745381240
481,auxerre,47.8,3.5667,46.74,94,32,8.05,FR,1745381241
482,alcantara,-2.4089,-44.4147,79.0,92,100,5.19,BR,1745381242
483,mhangura,-16.8939,30.1683,60.15,82,100,2.95,ZW,1745381243
484,salinopolis,-0.6136,-47.3561,77.94,87,69,6.42,BR,1745381186
485,yeniseysk,58.4497,92.1703,35.1,92,100,12.75,RU,1745381245
486,beitbridge,-22.2167,30.0,69.28,60,99,5.41,ZW,1745381246
487,mogok,22.9167,96.5,78.31,54,2,4.99,MM,1745381248
488,djenne,13.9061,-4.5533,88.34,48,100,10.94,ML,1745381249
489,khandud,36.9513,72.318,30.16,78,61,1.45,AF,1745381250
490,priob'ye,62.5206,65.5964,25.11,77,31,17.76,RU,1745381251
491,rio grande,-32.035,-52.0986,62.98,82,69,8.16,BR,1745381252
492,darzab,35.9774,65.3783,61.66,27,0,1.39,AF,1745381253
493,ramhormoz,31.28,49.6035,82.9,33,1,2.06,IR,1745381254
494,macapa,0.0389,-51.0664,76.98,100,0,1.14,BR,1745381255
495,uturoa,-16.7333,-151.4333,82.02,78,52,16.2,PF,1745381256
496,lae,-6.7221,146.9847,79.47,78,79,9.01,PG,1745381258
497,winneba,5.3511,-0.6231,79.54,87,92,6.15,GH,1745381259
498,ormara,25.2088,64.6357,82.62,53,0,9.53,PK,1745381260
499,quelimane,-17.8786,36.8883,69.51,91,18,1.16,MZ,1745381261
500,shingu,33.7333,135.9833,69.49,94,100,3.09,JP,1745381262
501,trujillo,-8.116,-79.03,60.76,88,16,8.05,PE,1745381018
502,ballina,-28.8667,153.5667,73.62,66,48,11.86,AU,1745381264
503,sunne,59.8376,13.143,42.21,96,100,2.86,SE,1745381265
504,saldanha,-33.0117,17.9442,59.38,77,0,6.35,ZA,1745381266
505,les avirons,-21.2418,55.3394,75.29,53,0,5.75,RE,1745381267
506,nisa,43.7031,7.2661,57.0,83,75,4.61,FR,1745380980
507,ngereklmadel,7.4883,134.4856,89.69,66,75,9.22,PW,1745381269
508,saint-pierre,-21.3393,55.4781,78.48,53,0,5.75,RE,1745381271
509,suntar,62.1444,117.6319,29.75,91,100,7.76,RU,1745381272
510,araguaina,-7.1911,-48.2072,73.98,93,87,2.48,BR,1745381273
511,sonoita,31.85,-112.8333,72.37,20,0,6.4,MX,1745381274
512,ca mau,9.1769,105.15,92.52,45,62,2.08,VN,1745381275
513,axim,4.8699,-2.2405,79.81,87,98,3.4,GH,1745381276
514,jeremie,18.65,-74.1167,76.8,77,52,10.45,HT,1745381277
515,katsuura,35.1333,140.3,64.51,96,100,28.5,JP,1745381278
516,mossendjo,-2.9506,12.7261,70.27,99,100,1.01,CG,1745381280
517,saipan,15.1355,145.701,88.5,66,75,10.36,MP,1745381281
518,puerto yuca,2.9383,-73.2083,72.99,87,93,1.63,CO,1745381282
519,aswan,24.0934,32.907,84.02,12,76,5.95,EG,1745381283
520,douz,33.4663,9.0203,64.54,38,95,4.63,TN,1745381284
521,aykhal,66.0,111.5,20.12,77,66,15.48,RU,1745381285
522,conde,-7.2597,-34.9075,74.66,94,0,6.91,BR,1745381286
523,amble,55.3333,-1.5833,42.94,100,20,5.75,GB,1745381287
524,voinjama,8.4219,-9.7478,69.24,98,73,1.12,LR,1745381288
525,al faw,29.9776,48.4741,78.39,50,53,1.43,IQ,1745381290
526,novodvinsk,64.4165,40.8122,33.55,59,100,9.57,RU,1745381291
527,bemidji,47.4736,-94.8803,46.49,71,0,5.75,US,1745381100
528,dubrovnik,42.6481,18.0922,65.84,52,0,5.75,HR,1745381293
529,zemetchino,53.4973,42.6163,60.55,55,38,3.76,RU,1745381294
530,enriquillo,17.9,-71.2333,73.33,78,1,6.71,DO,1745381295
531,tot'ma,59.9747,42.7642,34.47,80,100,8.05,RU,1745381296
532,burang,30.25,81.1667,36.19,25,0,5.59,CN,1745381297
533,ekibastuz,51.6667,75.3667,68.47,41,31,14.25,KZ,1745381298
534,luderitz,-26.6481,15.1594,57.4,84,0,7.85,NA,1745381299
535,ar rass,25.8694,43.4973,74.79,20,56,6.73,SA,1745381300
536,manismata,-2.4667,111.0333,90.81,54,54,3.76,ID,1745381303
537,kargasok,59.0556,80.8572,31.78,96,100,18.95,RU,1745381304
538,bergen,60.392,5.328,44.87,93,75,2.3,NO,1745381306
539,kavaratti,10.5669,72.642,84.87,74,100,8.37,IN,1745381307
540,miles city,46.4083,-105.8406,38.37,75,0,5.75,US,1745381308
541,nuuk,64.1835,-51.7216,27.21,100,100,15.01,GL,1745381309
542,bayanhongor,46.7167,100.1167,36.88,21,4,10.98,MN,1745381310
543,marsh harbour,26.5412,-77.0636,73.96,67,100,13.2,BS,1745381311
544,devils lake,48.1128,-98.8651,39.18,85,100,10.36,US,1745381313
545,debila,33.5167,6.95,67.91,27,63,5.28,DZ,1745381315
546,port saint john's,-31.6229,29.5448,64.67,93,100,5.21,ZA,1745381316
547,aksu,41.1231,80.2644,64.08,26,20,1.16,CN,1745381317
548,launceston,-41.45,147.1667,64.04,55,40,4.61,AU,1745381318
549,lichinga,-13.3128,35.2406,59.16,98,8,5.68,MZ,1745381319
550,graaff-reinet,-32.2522,24.5308,50.92,95,100,3.29,ZA,1745381320
551,capo d'orlando,38.1435,14.7305,58.24,80,99,7.14,IT,1745381321
552,madison,34.7334,-86.5667,62.22,98,100,0.0,US,1745380979
553,arteche,12.2645,125.4048,86.68,62,77,7.36,PH,1745381324
554,nyagan,62.1406,65.3936,25.48,83,17,11.88,RU,1745381325
555,pekanbaru,0.5333,101.45,80.92,83,20,0.0,ID,1745381326
556,pariaman,-0.619,100.12,80.65,76,100,7.16,ID,1745381327
557,whitby,54.4877,-0.615,41.38,88,22,5.26,GB,1745381070
558,lensk,60.7253,114.9278,32.61,69,100,10.96,RU,1745381329
559,selebi-phikwe,-21.979,27.8498,67.6,66,100,4.72,BW,1745381330
560,yanchep,-31.55,115.6833,79.79,65,37,13.09,AU,1745381331
561,iskushuban,10.2837,50.23,77.14,62,34,5.82,SO,1745381332
562,bargi,22.9833,79.8667,96.73,9,0,7.11,IN,1745381333
563,namibe,-15.1961,12.1522,71.24,69,3,7.49,AO,1745381334
564,kapa'a,22.0752,-159.319,77.32,89,75,9.22,US,1745381336
565,dunedin,-45.8742,170.5036,49.57,65,100,7.36,NZ,1745381337
566,leava,-14.3,-178.1667,83.59,74,56,9.42,WF,1745381338
567,phan rang-thap cham,11.5667,108.9833,91.45,56,100,12.1,VN,1745381339
568,mamuju,-2.6748,118.8885,83.3,74,92,2.26,ID,1745381223
569,mirny,62.5353,113.9611,28.18,73,99,10.96,RU,1745381341
570,uyar,55.81,94.3153,44.49,33,98,10.56,RU,1745381342
571,khenifra,32.9333,-5.6667,54.59,53,0,6.82,MA,1745381171
572,portstewart,55.1813,-6.714,46.15,86,74,6.85,GB,1745381344
573,forbes,-33.3833,148.0167,80.19,31,29,12.97,AU,1745381345
574,roseburg north,43.2645,-123.3033,56.48,38,0,10.36,US,1745381346
575,n'dalatando,-9.2978,14.9116,65.55,94,91,3.98,AO,1745381347
576,cannonvale,-20.2833,148.7,76.39,54,1,10.85,AU,1745381349
577,tommot,58.9564,126.2925,37.96,61,100,7.81,RU,1745381350
578,kirakira,-10.4544,161.9205,83.14,79,86,6.2,SB,1745381351
579,kachkanar,58.7,59.4948,34.57,56,56,0.04,RU,1745381352
580,gejiu,23.306,103.1635,76.71,42,23,7.85,CN,1745381353
581,umba,66.6871,34.3429,33.37,77,99,12.64,RU,1745381354
582,ixtapa,20.7,-105.2,72.63,78,20,4.61,MX,1745381286
